10240_14336_52d5a96b-4f01-4012-b708-38dfe8647759.jpeg,0
10240_14336_dbbb95dc-a37f-44d3-ba56-2df856ebfb5f.jpeg,0
10240_15360_9fdf8f2b-c5e1-4576-be41-5bfc6a93af83.jpeg,0
10240_15360_d9c94863-6d36-4b90-b897-62e7571f673a.jpeg,0
10240_16384_90fda956-85f2-4e85-ac64-2978492c3ada.jpeg,0
10240_16384_9f845e05-bcaf-4c18-9e5d-daae41d124a4.jpeg,0
10240_17408_7965272a-8d4d-4f15-8d58-6aab72f5589e.jpeg,0
10240_17408_91e6c21d-d2a6-436d-9e28-94ea08653e55.jpeg,0
10240_18432_10fec545-67c1-494c-9fe1-9527a36f2382.jpeg,0
10240_18432_ca1a255d-82d0-460e-9f95-1bb31545b72e.jpeg,0
10240_19456_d7ba26d0-eb95-466b-ba5e-497e41e52a56.jpeg,0
10240_5120_99d564cd-9c51-453a-b741-affcfa49c65f.jpeg,0
10240_5120_a94d8630-4451-45e9-8c80-d46a16a2cf2d.jpeg,0
10240_6144_0b8e2947-4dc9-4e0c-acb4-d178d76b03a5.jpeg,0
10240_6144_21440d72-d9b0-446b-a7d0-9ed508b6cc40.jpeg,0
10240_7168_e19d50db-7f4e-4f27-a658-6673c7d11515.jpeg,0
10240_7168_e7ae2517-76e8-40c9-b2e5-efee693b6afa.jpeg,0
10240_8192_1532a272-2d2a-4089-a2d3-2a8ad804f9ea.jpeg,0
10240_8192_968bafc6-c4fb-4d64-a846-5d7e5c0d254b.jpeg,0
10240_9216_6e445138-2554-4f6c-8cf3-ed761d2d2414.jpeg,0
11264_10240_e834d8c6-0f34-4649-8b53-0d5cbe418138.jpeg,0
11264_11264_15e44b12-62d0-4f75-8c56-611a4d3910a9.jpeg,0
11264_14336_97687cb6-cc5a-4afd-af7b-0b2dc4df5584.jpeg,0
11264_15360_552149c0-8244-4966-8274-80de71bbe44a.jpeg,0
11264_15360_d0f28f1b-2463-4c38-9b9e-346ce1212d34.jpeg,0
11264_16384_e1cec128-11cd-4fb9-8256-916d6384c473.jpeg,0
11264_16384_fb808156-0578-4e1a-9d76-852e716cd93d.jpeg,0
11264_17408_feb39920-4996-4df1-9b52-da711e19f726.jpeg,0
11264_17408_ffc00388-370c-4ccd-b08a-0a6267213c2a.jpeg,0
11264_18432_3aa2f21a-d2e3-4006-9bdd-a9a7d27ea330.jpeg,0
11264_18432_c3fa129e-6d31-41d6-b7fc-e97ec285bfae.jpeg,0
11264_19456_df427eb7-619a-4efb-a248-96a324b66759.jpeg,0
11264_4096_6d8fa5e0-6742-46de-8d5f-80b430ffda7c.jpeg,0
11264_4096_a2007b78-850e-4267-9d64-d4b0d7b8253d.jpeg,0
11264_7168_2fe9996a-cf2b-4471-be3e-d495e77c6f2b.jpeg,0
11264_7168_cac72e51-4e59-4dd0-bbad-b55ca78666b4.jpeg,0
11264_8192_bfd27e51-d760-4a2c-9411-d2dc8b0291b2.jpeg,0
11264_8192_c5ac9005-bc35-435f-a39e-82cdaad0077a.jpeg,0
11264_9216_51b5ed82-52cf-4055-9e63-0636f296f76f.jpeg,0
12288_14336_f165d551-b10f-4ce5-a731-f96cf56fca15.jpeg,0
12288_15360_8d12f106-eb3e-486c-86d5-ab699ea4c01e.jpeg,0
12288_15360_91867940-ef07-469f-a976-58795b034a3d.jpeg,0
12288_16384_154f0664-aacb-43d3-b5f6-bd39f71ed5aa.jpeg,0
12288_6144_58c4a50d-f947-4d13-8659-efbfc75e0529.jpeg,0
12288_6144_653c1089-74c4-414e-9988-51f540a149c6.jpeg,0
12288_7168_68b54ab6-00b3-49a7-a762-8402a3e70aca.jpeg,0
12288_7168_90c6a43f-dc86-4f88-b9db-fdda1d49171c.jpeg,0
12288_8192_0d88f8a3-52bc-40e4-a5db-1a219df03b88.jpeg,0
12288_8192_bab57381-2a09-49ec-9eca-13f0377c2ed2.jpeg,0
12288_9216_a0a56a70-c490-4843-9caa-57a14b93684f.jpeg,0
13312_6144_49f6b958-bb96-4a8a-9525-5eda0cd752a7.jpeg,0
13312_7168_2fdb99c3-b507-4508-8c01-640162f7bf8d.jpeg,0
13312_7168_c28c6db5-c3be-4174-940b-de05e42b0911.jpeg,0
13312_8192_08f6305b-8449-4435-b7b8-1422063020ac.jpeg,0
13312_8192_9cc9d1ee-c8ef-487d-84eb-c885abf52adb.jpeg,0
13312_9216_f164c8ab-bf70-4d1e-b9da-419ef78bb050.jpeg,0
14336_10240_51056b4a-87d6-460d-83bc-bd64c459b59e.jpeg,0
14336_10240_563feab7-6615-4eb3-9751-f586f2413e34.jpeg,0
14336_11264_2d341126-7157-4024-a70a-663e690ae109.jpeg,0
14336_11264_c5f320bb-9210-40ce-8e2c-9dd04e0dc6d1.jpeg,0
14336_12288_7221b8fe-b921-4ca3-9fd4-7b0bdd02450b.jpeg,0
14336_12288_eef670c5-0ae9-4730-9191-bf9eea2371fc.jpeg,0
14336_13312_a6a4ab5a-ee30-420d-ab1c-b813ec7ece57.jpeg,0
14336_16384_44888803-a042-477c-a75e-61f1e9f15f0b.jpeg,0
14336_17408_cb7d69ec-b9dc-4cdd-8942-2a52174f44d3.jpeg,0
14336_24576_5ebd1487-8e3e-444e-b900-69e38c1f5e84.jpeg,0
14336_25600_c4f8ba25-e213-4f33-83ae-ada5f0b71940.jpeg,0
14336_26624_aca1e9b1-6815-49af-b84f-0486f4997ac3.jpeg,0
14336_27648_713867f7-0f46-49b5-8402-e3c1e869ae0c.jpeg,0
14336_7168_79762d10-8b94-4556-a7fa-65d1df200c22.jpeg,0
14336_8192_392d2044-6d30-40fd-af7e-23d58e94d707.jpeg,0
14336_8192_c764a828-83ca-41f9-836c-ae7f6d3edc9d.jpeg,0
14336_9216_85a6d4fe-4161-4810-9aa6-a8591baa5f63.jpeg,0
15360_10240_b785d542-6797-447e-9b20-7d8dd9831119.jpeg,0
15360_10240_f69d185b-0df1-41bb-aa87-312aee2212d8.jpeg,0
15360_11264_cba8a5ef-054b-47f2-8c82-d0ea7700c1a8.jpeg,0
15360_11264_f197367c-f17e-4cc3-b313-7303871c432e.jpeg,0
15360_12288_4552765c-e987-4476-a01a-495b80c4c8cb.jpeg,0
15360_12288_6b2e4f77-6136-4ec1-92c7-a2939da45c29.jpeg,0
15360_24576_f3dd59be-2c04-40d0-a7ec-3b053edaca71.jpeg,0
15360_25600_565a052a-4cc0-4c94-ba9c-85b7ca5a5418.jpeg,0
15360_26624_9e4994b1-493b-4fa8-b2af-3a87204662ba.jpeg,0
15360_27648_c387d577-ec15-4be6-8656-191c24993863.jpeg,0
15360_7168_5359ff96-1a06-40d3-9949-7b8476d9e8c1.jpeg,0
15360_7168_c9d6fb36-ca49-45ea-be7a-d39c1d868159.jpeg,0
15360_8192_5907a1c8-04c0-41f9-b3a4-af736ca18bb5.jpeg,0
15360_8192_7b968127-b06f-4671-b4bf-21d440d2f902.jpeg,0
15360_9216_6efaa73b-6d04-4db2-b32d-465da5d3d1c0.jpeg,0
15360_9216_f19d1fce-d110-42de-b421-c662302c4254.jpeg,0
16384_10240_86a966f0-b1e9-4247-baa9-efe95b93d925.jpeg,0
16384_10240_b31b7920-30be-4bfb-a2f4-b5b21bf7dafc.jpeg,0
16384_11264_3a07d422-6f45-4fc8-ac0d-9944164b0a12.jpeg,0
16384_11264_ee5d2169-0644-41b0-a157-dfff3fed02a0.jpeg,0
16384_18432_5777b55b-0e42-472b-b192-7d3ba3bb92f4.jpeg,0
16384_23552_508aae30-fe91-4eb5-9cbe-6fa6f5b958a7.jpeg,0
16384_7168_992ab930-6cd8-45df-ac9c-76752981a9e4.jpeg,0
16384_8192_4628ba92-3567-48e8-9d7f-7c29f21392c5.jpeg,0
16384_8192_aebb4cb1-df8c-483f-a347-b814298f9b38.jpeg,0
16384_9216_c5fe99cb-9b09-4c38-ab89-c308ea6e122d.jpeg,0
16384_9216_c8c4af92-211f-4855-85ed-e6d9dc6c1ed0.jpeg,0
17408_10240_317e4e01-9784-48a1-9b28-62cda4a0eb3b.jpeg,0
17408_10240_8a80b5cf-fd27-4c31-be9d-1c1f57001cbd.jpeg,0
17408_20480_abcd869b-b6be-41cf-aa8b-8c6c96c18dc2.jpeg,0
17408_21504_1246b048-dbda-4564-9994-e28a037e004d.jpeg,0
17408_22528_c38f8312-abd2-4195-91a5-e8d0e68e09a4.jpeg,0
17408_24576_5b3286fb-8c0e-41d2-8be9-8fde1d64063d.jpeg,0
17408_7168_301f337e-06a2-4c6d-b9ea-374b4402de02.jpeg,0
17408_7168_33c3b84b-c434-4770-868a-e52097068f2e.jpeg,0
17408_8192_15d1b026-0cd1-4f05-b81b-131f57d8af26.jpeg,0
17408_8192_ca867e34-dc7c-4b52-a4eb-5f763ef630d2.jpeg,0
17408_9216_c2f02303-daca-462b-b8cc-bd5913f11e50.jpeg,0
17408_9216_cffd490c-d301-4bba-86ca-9be32bd49050.jpeg,0
18432_10240_1086bb0b-e9c6-47cd-8a99-cca0bba1e2e8.jpeg,0
18432_10240_4b97dffe-b553-445d-9b57-7fba7358210b.jpeg,0
18432_18432_0308e790-8cda-472d-8bfa-dca47577b759.jpeg,0
18432_19456_3f0020c6-49ec-412c-bffc-bb7c3eab5d99.jpeg,0
18432_20480_03c34b3d-9137-43b8-903f-f5399b2cdac7.jpeg,0
18432_21504_cbe90aca-7620-4a8b-b3ed-281a9076cea8.jpeg,0
18432_23552_dab4b6e6-2725-49b0-bdb9-0db5c6edfc1c.jpeg,0
18432_24576_60d8ae8a-bd91-4ef2-94ba-47a7fffbd9bb.jpeg,0
18432_27648_acc5d79e-6a37-4570-a508-49fc117a4318.jpeg,0
18432_5120_27d513e9-c0b1-49a7-83b4-76c6797c5f81.jpeg,0
18432_6144_1644fcc4-7519-4f44-b87b-2cd860c5d970.jpeg,0
18432_6144_240207bc-536d-4fa9-b70c-df3ad5b3997a.jpeg,0
18432_7168_78f39de9-cfc1-4ed2-a1e1-409529d6bcaf.jpeg,0
18432_7168_c71303aa-5f5a-42c2-ab46-bc12943d2573.jpeg,0
18432_8192_10c8b142-3145-4097-82f6-d0b3d516d937.jpeg,0
18432_8192_2aca0e0b-4de6-4e0d-a910-c7eea0f92a1e.jpeg,0
18432_9216_3a6966b7-1e83-4037-91c1-96a33fe83c1d.jpeg,0
18432_9216_848fae18-030b-46c6-b33c-cfcd1b24058b.jpeg,0
19456_12288_47c2f0a1-d895-45bf-ad62-9421b7501771.jpeg,0
19456_20480_9cd81fd2-50fa-4306-87d8-4804d60fb902.jpeg,0
19456_24576_29dd1c9a-559d-4b2e-ad57-4dde4851cccc.jpeg,0
19456_26624_48ebf854-d435-40ba-a21c-7edb015ca8b3.jpeg,0
19456_5120_2dffa861-ec22-4266-8247-3bc7dd11825f.jpeg,0
19456_6144_a204ee19-a31b-4e91-bdc4-01ba96bff04f.jpeg,0
19456_6144_b1b76c98-be69-4479-aa14-5336dd0ee08e.jpeg,0
19456_7168_14210164-c7bc-4fc7-8a98-e478626dc65b.jpeg,0
19456_7168_22ab264a-2bba-4c72-9f2d-d0a543bfed08.jpeg,0
19456_8192_be2967ee-85f4-4ec8-bd1a-507b3861f4f9.jpeg,0
20480_12288_afc82455-c915-4dda-a3ed-999362d1c2a1.jpeg,0
20480_13312_126a8f11-032b-4a0c-b970-2e52e943d677.jpeg,0
20480_13312_8eb5dbdb-c959-402e-9c0c-cc3c3037a56a.jpeg,0
20480_19456_621a89cf-282f-43ff-8e59-52e7eddf044a.jpeg,0
20480_20480_fc3c97bd-906b-410f-a359-52facf4eb66b.jpeg,0
20480_24576_222c9222-19f3-436d-bcd8-694117df52ab.jpeg,0
20480_5120_ef39a83e-c6aa-4684-911f-c804eb389afd.jpeg,0
20480_6144_0a190c41-a69e-4fe9-acd3-5a844bd594ca.jpeg,0
20480_6144_78c9f70e-cb8c-4eab-aaf8-00db056735c3.jpeg,0
2048_12288_7d607c7b-8b5f-4701-bd67-17143cc39aa5.jpeg,0
2048_13312_14ef8f0f-1de5-4158-95e4-921da9432744.jpeg,0
2048_14336_2317d266-feae-4f4f-9dbe-33e0a6f09ccb.jpeg,0
2048_15360_94458ef1-911d-465c-ac01-5d67d3b771d6.jpeg,0
2048_16384_e8723911-b87b-47e5-a8d1-3d15c9a374eb.jpeg,0
21504_13312_b439b8bc-072a-4285-a499-d452699b0ec6.jpeg,0
21504_14336_644d08b2-555f-4699-849a-2918370a9015.jpeg,0
21504_20480_75ffb3cb-e39b-4711-9815-fd11cddc7f2e.jpeg,0
21504_21504_79af80bf-aaeb-4ebc-91b8-4b01c34863e5.jpeg,0
21504_22528_37dbdf14-81da-460d-89c0-d2875bd15c91.jpeg,0
21504_27648_6d743c09-6acb-4e70-81b1-0f30d9bb6405.jpeg,0
21504_9216_e08cf0e0-d9fa-45c0-b852-e94a0cbd8d9f.jpeg,0
22528_13312_74e6a1ea-1591-451b-979b-10f983229085.jpeg,0
22528_13312_de2206e5-ed36-45bb-8356-d6fe36de3f91.jpeg,0
22528_7168_6a13546a-7184-4f00-92a4-0b6b57bd82d4.jpeg,0
22528_7168_cc7be746-c2b1-4ac5-87f4-a135b275b767.jpeg,0
22528_8192_0dbd2aeb-dc76-4c57-b038-4170c8a5e4ae.jpeg,0
22528_9216_2c7431e7-cf80-4ffa-84f8-d40d4fac9cc9.jpeg,0
23552_18432_3d2b81b4-ca04-490f-a1bd-d8c46af3b872.jpeg,0
23552_19456_e3d4acd4-e7cb-4e4a-8d43-f63cedb97ad6.jpeg,0
23552_20480_2cd5126d-194b-462c-8984-2bfedd1a9025.jpeg,0
23552_21504_e9a538fd-4de2-4c41-b14e-d7ec3fac0962.jpeg,0
23552_22528_92453753-8820-4438-a80c-f0b7961b78c4.jpeg,0
23552_27648_a04d31ed-73c8-48bb-b79e-6e3dc43a0a04.jpeg,0
23552_7168_f384ce8b-555a-449b-b9a5-f10e7dceb7f5.jpeg,0
23552_8192_d01002b1-abad-4a10-b321-0ea7a3fdd53e.jpeg,0
23552_8192_f12d7cdc-a9da-4b0c-b2b9-5be79f763493.jpeg,0
23552_9216_5b1f0b81-c374-47d9-bba8-6cff3c92ff9a.jpeg,0
24576_10240_23095c34-54ab-4416-9ee5-dc287e4a736a.jpeg,0
24576_19456_f71ee81a-742e-4292-bc7f-0f301515df29.jpeg,0
24576_20480_58bf1a9d-dc64-44c4-8837-230f7cbfa3b0.jpeg,0
24576_21504_546c68e6-9b07-40fe-a504-6a31cf84eaab.jpeg,0
24576_22528_fd041fcb-3dae-4200-8341-cc328d94a2fe.jpeg,0
24576_23552_e73f290d-3061-4079-b93d-5f1170f8fdbe.jpeg,0
24576_24576_1c696c0c-4c75-4df1-88d5-b65c5d0fc0c0.jpeg,0
24576_25600_71d3f14b-5ff1-4ae6-872c-1e8af3760038.jpeg,0
24576_27648_d8d2f046-7721-4054-94b5-c533b02c306b.jpeg,0
25600_20480_6c4661bf-fef0-46bf-9a0b-8291feefc133.jpeg,0
25600_21504_36f2d79e-ea4e-4ecb-a1dc-d7bcffc781ef.jpeg,0
25600_22528_94ab94e3-362e-453f-8376-75fa69b7507f.jpeg,0
25600_23552_bb4c9037-4887-4231-817a-486e97ae038f.jpeg,0
25600_24576_ef55e124-e302-4538-b7d7-4f6084fd2752.jpeg,0
25600_25600_0ee1af79-d49c-4fb5-8787-2f6bc1b4ed41.jpeg,0
25600_27648_39c1d488-c518-439a-b497-f5109bb2ffc8.jpeg,0
26624_22528_64c1d207-66ed-4be3-8ce1-82ef33ff55b0.jpeg,0
26624_23552_dc852d43-09cd-4ca7-ae3f-d59323692a95.jpeg,0
26624_24576_1b4a4161-eb9c-457e-8d0d-f83a41f73985.jpeg,0
27648_22528_7bf0e4d3-6a60-43f2-ad02-287a33f3e50a.jpeg,0
3072_11264_2fcb80e0-4c56-4c38-84cf-6c39c06ceabc.jpeg,0
3072_12288_44a75849-d175-4d10-b95f-ef5303b063ca.jpeg,0
3072_13312_48d7328b-a607-4ca6-b19b-5ef6909fc4d6.jpeg,0
3072_13312_d0224d37-d047-4530-a0af-164015f37386.jpeg,0
3072_14336_1311778e-85a1-4228-9ead-fe6ccc5ec3a6.jpeg,0
3072_14336_deca3e37-ccb9-4a2c-b91c-bcf039c85a39.jpeg,0
3072_15360_8da12b87-ac48-4c0c-887e-a4ceea8fe0e4.jpeg,0
4096_13312_d3be1c98-0930-4920-b719-6e3b6494896d.jpeg,0
4096_14336_478217fa-93a4-417e-b549-1564a82b064b.jpeg,0
4096_15360_8de21919-2072-4588-a9a0-cf222f3ce557.jpeg,0
4096_15360_9272df0e-9fd6-4447-86c3-08017e004a69.jpeg,0
4096_16384_6cd51a36-0249-4d78-9e04-6af50de41301.jpeg,0
5120_11264_14400acc-f086-4953-9ccf-4e270623879f.jpeg,0
5120_15360_fc7630aa-9a3d-4383-a354-a1b33568f187.jpeg,0
5120_16384_8893e5b2-6c63-4de0-b752-28154eab5c05.jpeg,0
5120_16384_d9f122fd-6ea4-4d39-a695-c3d67b6dd53e.jpeg,0
5120_17408_b083460b-6cd7-4df9-9fdc-1301a27c66b2.jpeg,0
5120_18432_120a64c6-8556-47eb-8729-e043b2dd08a9.jpeg,0
5120_18432_24efeb6b-2806-47f5-9945-202f76c3c711.jpeg,0
5120_19456_2a95fb08-1965-4692-ade6-fb5a97ea8f06.jpeg,0
5120_22528_41ea02c5-ac15-4392-a921-8e5cea0f863a.jpeg,0
5120_23552_af5c986c-c941-4d2b-b22f-84c5e614934a.jpeg,0
5120_7168_7d7e4cf2-1521-4dca-a781-b52ec206b0d7.jpeg,0
5120_8192_c1821be4-c770-433c-9cf0-5b1d1e56c990.jpeg,0
6144_11264_526bd168-d61d-4376-b895-724baa17395c.jpeg,0
6144_12288_9f002dd6-5e72-49dd-8dd7-c174a905a2e1.jpeg,0
6144_18432_f1901d99-776a-4a6a-9b25-88791047d6ed.jpeg,0
6144_19456_c7a7c757-f99d-43f5-994b-34168cfca945.jpeg,0
6144_2048_28d2a962-d6f2-4395-a299-ccaf22abdc1d.jpeg,0
6144_21504_33cc2bc1-ebaa-4a65-b846-611ec921ce44.jpeg,0
6144_22528_d55704ae-6d58-41a0-809f-618afed9f597.jpeg,0
6144_22528_e2204ee0-cd18-4833-951d-d0c771547e31.jpeg,0
6144_23552_f44b5211-8295-40ef-a0b0-06387adb2080.jpeg,0
6144_23552_fd5a43ea-b30f-4533-b958-eba3c3d1a086.jpeg,0
6144_24576_b52f5165-ca78-4303-b6bb-7d72a63faf35.jpeg,0
6144_4096_89e34e34-a932-4737-9138-99ea66dcc866.jpeg,0
6144_5120_c7a72f59-95fc-4bb0-8907-92975b7c68b7.jpeg,0
6144_6144_b119bf51-39a2-4f1c-a306-ea650410d297.jpeg,0
6144_6144_cab46648-d7bc-47e1-a991-75cb5949a3b3.jpeg,0
6144_7168_65383b89-a0c5-46d3-8dc6-488bcaf677f8.jpeg,0
6144_7168_8b5370a6-3bf9-4669-ac9d-ddbadaf8f182.jpeg,0
6144_8192_09437b37-b94d-471f-8abb-bc98a9066ba7.jpeg,0
6144_9216_6f68f5cf-1280-45e1-86a6-06dae820cfc1.jpeg,0
7168_1024_9558b53e-36c9-47ad-992d-8a39b487b31e.jpeg,0
7168_11264_3993cb52-2da0-4967-9ac2-0f45580f39e5.jpeg,0
7168_12288_61d09e3f-e4c4-46eb-b613-617702a003da.jpeg,0
7168_12288_97698cb9-d33b-4eda-98d0-3887e49aa3ce.jpeg,0
7168_13312_29908b62-378d-4ba8-9149-1b235c871019.jpeg,0
7168_13312_b9e3557f-f526-4695-9275-693e769d44a7.jpeg,0
7168_14336_049ad26f-be71-459d-a19f-7dc69a16ca8b.jpeg,0
7168_14336_11f2742f-25c2-4fae-b767-175a04476567.jpeg,0
7168_15360_67bd296c-01ca-4b66-b0c7-a40bce69a2af.jpeg,0
7168_18432_87929eea-001b-4d86-97df-497cecd9a924.jpeg,0
7168_18432_b25ba79c-5079-487a-8b00-2409da883d62.jpeg,0
7168_19456_ac53d368-cdb1-47a7-a0c6-be6cb6f992df.jpeg,0
7168_19456_b6db7437-8294-4ab8-8f2c-4a274a85dd46.jpeg,0
7168_20480_20d022b0-701f-4aed-86c8-a8d37fc35092.jpeg,0
7168_2048_2be8c08e-3670-47a6-8d09-af1e063ba3f3.jpeg,0
7168_2048_d5b5b4a7-3684-4d71-9830-def50644b943.jpeg,0
7168_23552_22944cc4-3899-4e77-9306-607fc4f01acd.jpeg,0
7168_23552_440088e6-6e03-4b7d-bbda-73fcb28d3885.jpeg,0
7168_24576_94a6eac1-39df-4ff4-a027-b5eddbc144d3.jpeg,0
7168_4096_d9f201b1-27f7-4c0d-b92a-53a658e60a6d.jpeg,0
7168_5120_13e73186-727b-4b8c-a807-41ffc01181ba.jpeg,0
7168_5120_f9162fa6-3c20-419a-ad00-c25dd3224c2b.jpeg,0
7168_6144_5f6dd4a9-bf48-4877-8dd4-20bdcf4597c0.jpeg,0
7168_6144_c55a3711-972d-4e8f-b4e8-a7c36b6e26e6.jpeg,0
7168_7168_31c6d7ea-4d0b-41a9-9db4-6edd93111af4.jpeg,0
7168_7168_587c9bd6-0288-4a2a-a027-5456d7c3d80c.jpeg,0
7168_8192_105c2fda-91ed-4d77-9b9a-77dc8a731cfc.jpeg,0
7168_8192_7b01151b-cb3d-40b5-885e-5c8758b113fa.jpeg,0
7168_9216_16fb9893-81e0-43a5-9d79-248b51fde5ae.jpeg,0
8192_1024_d482a1c5-294f-4de0-bb82-ae13293ebd9e.jpeg,0
8192_11264_38b2e61e-7148-4b91-9da2-50f18462849c.jpeg,0
8192_12288_1d6c1ac4-315d-4031-afd6-e9fc3ba62a24.jpeg,0
8192_12288_2a227109-a219-4f00-9ee9-bd27daf466e4.jpeg,0
8192_13312_133039fb-1d55-45c9-b99f-fc0f4e87add5.jpeg,0
8192_13312_f0ea384f-c772-46a6-8f5a-af868640b1b4.jpeg,0
8192_14336_17d8c243-a827-4657-a497-fc50e63f87e2.jpeg,0
8192_14336_dd891638-aee1-4a83-88c9-cae2637bf1b0.jpeg,0
8192_15360_cb3245e9-4cd2-4e3e-aa01-7c3ed91fe05a.jpeg,0
8192_16384_32658250-717e-4d74-b534-dbf43dcbd5db.jpeg,0
8192_17408_1e7c2386-68b4-4b90-8583-46c22c05e995.jpeg,0
8192_17408_c3f6ab92-3b14-4e1b-819d-7f3d3f620475.jpeg,0
8192_18432_5c3dd6e7-736a-4842-b18e-983a18aecc41.jpeg,0
8192_18432_aa49c924-639a-45f7-9aaa-2092f18d3761.jpeg,0
8192_19456_8afc4f31-69cc-4919-aa2c-9110b590a171.jpeg,0
8192_19456_fec75540-6b32-416c-8f41-8775a3fa2b76.jpeg,0
8192_20480_4ad29fb3-918e-4612-b1fb-35715e69ad32.jpeg,0
8192_20480_60bba095-200f-44a6-b156-8a4ac209f39a.jpeg,0
8192_2048_a692d2a4-6084-4b77-97e0-62a9e2533ab5.jpeg,0
8192_21504_f4a59965-199a-45ef-beff-b08d4000fceb.jpeg,0
8192_4096_7e293408-a599-4194-978e-aca3eaa5416c.jpeg,0
8192_5120_16a2172e-a8c7-4ca9-bc5d-b16a0a7f4ad3.jpeg,0
8192_5120_3d90084e-1d9d-4e0b-ab9f-91c16287bd92.jpeg,0
8192_6144_2ac0d50e-7f88-4d36-a62d-a4b1247f4f25.jpeg,0
8192_6144_a90dc585-6296-4333-b8c6-7df12e518e57.jpeg,0
8192_7168_0957eb05-bb9e-41e5-b9b7-8c5fb1035e47.jpeg,0
8192_7168_a71b709d-f15c-4967-842f-273934cd4c1e.jpeg,0
8192_8192_cbca5d87-c7bc-4ce0-b60d-e861c097dc3a.jpeg,0
8192_9216_bf0a5340-40c4-48ff-abbf-7a76e6356ea3.jpeg,0
9216_1024_849157fe-f447-452c-8667-99049a211575.jpeg,0
9216_11264_83a85d61-96ac-4f7e-b04f-a0bc1e4992d8.jpeg,0
9216_12288_b5e115ee-b352-42e1-be2d-8a685d1b3210.jpeg,0
9216_13312_3397b1c2-8d0d-4ae3-bcf5-9cb50bf0eada.jpeg,0
9216_14336_704f70cd-adfa-48a5-967c-3334b235493b.jpeg,0
9216_15360_1f600bb8-8d6e-4ac4-a48f-2d4fc8edee0b.jpeg,0
9216_15360_5e660390-f2f8-48f0-b094-b573098bd594.jpeg,0
9216_16384_83bb2628-66eb-49ef-88f5-770a07cf9f85.jpeg,0
9216_16384_bc147e00-3e1e-4b7f-9f54-9a0979b3c773.jpeg,0
9216_17408_abcc55cb-68ce-4c18-9115-5dc5f1c3addf.jpeg,0
9216_17408_ef8fc6fb-2671-42e3-b369-3ace81fe2fa5.jpeg,0
9216_18432_2238565c-99c6-4759-a780-0d2d30d0a71c.jpeg,0
9216_18432_486e9405-d0da-4759-8a4c-01ab453f1c90.jpeg,0
9216_19456_bad2a325-4d57-4911-aa3b-7d205f02e1b2.jpeg,0
9216_20480_d68410da-2925-42b9-a99c-aefeb5e0cdb8.jpeg,0
9216_21504_00effc5e-533d-48c8-9094-bbaaa57d29b7.jpeg,0
9216_4096_50f731e4-8d36-4937-bb52-887b60ebc3db.jpeg,0
9216_5120_b608e9ee-7bec-4857-9dd6-fd80339ccc00.jpeg,0
9216_5120_f1ebbf5d-6a4d-42d6-8b74-0595b8838034.jpeg,0
9216_6144_20720537-3010-4fc2-8540-8779ab9e9c84.jpeg,0
9216_6144_8adad282-e327-4ec5-9663-bb8c6d3c71f1.jpeg,0
9216_7168_0b564ef2-7d95-4b42-bee2-fcdf03bbfbdc.jpeg,0
9216_7168_951589e3-4bb7-4dbd-a85c-2661bc294e7d.jpeg,0
9216_8192_16c84496-761b-428c-94c6-8a732de091c7.jpeg,0
10240_13312_fb3582cf-ef7d-45f1-8012-13cd976d4c39.jpeg,1
10240_14336_e79eb0f5-9c5d-41af-b3a1-d10ebce75df4.jpeg,1
10240_15360_4a8a7ef1-3277-4e00-be54-06b274431d2a.jpeg,1
10240_16384_a4b02538-f63b-4d33-a135-4fc4702f4fee.jpeg,1
10240_17408_0cb6de24-c789-447c-a8b6-27185c39d969.jpeg,1
10240_19456_28d1fdb8-71eb-4e03-8bbf-c2570f677c35.jpeg,1
10240_20480_e0b718d8-632b-4a4a-8a4b-0419ddf2c58d.jpeg,1
10240_21504_6914fa15-6ce6-490d-955b-77ff001fd76a.jpeg,1
10240_22528_86bfdcd4-4ebe-4b74-bf73-fc648609e786.jpeg,1
11264_13312_450e9dbe-a719-4a48-af5b-35bac57db1ad.jpeg,1
11264_14336_5927472b-d7c0-4b65-9de7-c2707ab684c4.jpeg,1
11264_15360_d241da5f-71fc-432d-b83b-0956aa9b269c.jpeg,1
11264_16384_59f69999-9ccb-4b5a-85b3-c033216df4f6.jpeg,1
11264_17408_a31bacb8-d7b8-4eee-8144-b2e5ce55fddb.jpeg,1
11264_18432_b82803d5-826c-479d-a15c-badadcf3ce25.jpeg,1
11264_20480_b9c7534a-a26a-45ab-b197-0dd91cc4b866.jpeg,1
11264_21504_11596db4-0de7-4aa0-a76c-43a3d325f9cc.jpeg,1
12288_12288_edb5d3ce-beef-48bc-8a81-f1bc450bf86e.jpeg,1
12288_13312_b6416a64-ad01-463e-8e7f-f5466036f242.jpeg,1
12288_14336_289bd60c-cc9b-4535-adf7-bae0d9679525.jpeg,1
12288_15360_fe2ed1c0-2f7a-4717-8c6a-f17f0e304301.jpeg,1
12288_18432_b233d2ca-1d13-4b16-9e81-134469641c88.jpeg,1
12288_20480_8d9162bd-38e3-4681-918d-b1c0fc37c041.jpeg,1
12288_21504_023862fd-9fa9-4a2b-8dbb-53d7486e056d.jpeg,1
13312_12288_6284fa49-a041-484c-9370-49374e8d44bd.jpeg,1
13312_13312_baa9bdb0-ecad-42a5-857d-8aa2de092956.jpeg,1
13312_14336_b3892492-87f8-480d-b2b6-f0dfee4a4969.jpeg,1
13312_15360_07f815c3-a263-4894-a587-12367df84fbe.jpeg,1
13312_16384_22734ee7-af1d-4e2c-8ec8-d4a71e4a1431.jpeg,1
13312_19456_c5e20a2f-0cf5-4ebc-a21c-908831b887c1.jpeg,1
13312_21504_f1f07db8-e845-4ece-be09-b33baaa569f7.jpeg,1
14336_11264_e6285e6e-41db-46a0-8f16-51b1984f7486.jpeg,1
14336_12288_ffdccf4b-1305-4f8b-9ae4-53a150a4405e.jpeg,1
14336_14336_bc8c4750-d5f8-4ec9-8158-8ea4b2c280bb.jpeg,1
14336_17408_783528b5-c453-40c0-be1e-7337385e331a.jpeg,1
14336_20480_80580d2b-15cd-4a3c-8b05-52f68d31f901.jpeg,1
15360_11264_ccedd81c-f43d-44f8-b994-f17658e8f066.jpeg,1
15360_13312_4db7291d-73c6-4b2d-849a-3606afd898d4.jpeg,1
15360_15360_11df476c-5a15-46bb-bbfa-866d3a2c59eb.jpeg,1
15360_17408_f97cf271-df52-4c10-a897-84cfca6bd423.jpeg,1
15360_18432_1f5ab89b-5ab9-4de7-9fae-f26554f971b3.jpeg,1
15360_19456_ffdad07d-fb2d-4542-92fc-b3387e02ce68.jpeg,1
16384_11264_4fefc7c1-6155-4ca6-9db8-0de752093a02.jpeg,1
16384_14336_08e3b32b-b141-415f-9295-5daf7fbca473.jpeg,1
16384_15360_bd5a0930-d8ef-4808-8213-bc219184b50a.jpeg,1
16384_16384_eb53d590-efa9-4ee6-9abf-75aec8c96118.jpeg,1
16384_17408_958fb324-8a94-49f7-975a-9577a21b8a74.jpeg,1
16384_19456_509073b8-301c-42d8-910b-dd27bc0ace52.jpeg,1
17408_13312_690b6867-220a-4072-85b0-2e1eeb4a9ec2.jpeg,1
17408_17408_b3a850f2-c169-40d8-8b6c-37dddd4940d3.jpeg,1
17408_19456_f1f8462f-09cd-4593-ade2-c8d69d5ad248.jpeg,1
18432_10240_206c566e-fbdb-465c-bc4c-bf0e2435ea37.jpeg,1
18432_11264_3412e353-5524-45bb-b350-a962975df18a.jpeg,1
18432_13312_56df77c8-2008-44ff-a3ba-04aa4f242b21.jpeg,1
18432_14336_917b3207-4353-48a9-8350-7a0318fee938.jpeg,1
18432_15360_8732c15d-27f4-4952-8615-ee28a5acbc3b.jpeg,1
18432_16384_a3a74b54-77ee-4f57-977e-8ffc7d150c6f.jpeg,1
18432_17408_ac51913f-9828-43c2-acff-0528756d8d36.jpeg,1
18432_18432_0e722499-c703-4c62-a278-597863d8f659.jpeg,1
18432_19456_0e1ff6f1-ac64-4925-b11c-3d4403ed45e6.jpeg,1
18432_20480_70c1b458-bb59-4bfa-8a4c-ed30f4c42e67.jpeg,1
19456_10240_8dd91d7e-e73a-4ca6-9300-05d536ad4539.jpeg,1
19456_13312_6f9e8c3e-8207-4a9a-8491-94e2139e03c1.jpeg,1
19456_14336_ee639565-d21f-4ae4-a086-623c5b8c32a6.jpeg,1
19456_16384_709bdbbe-a911-41bb-aa81-af03b2fd0017.jpeg,1
19456_17408_b74ea600-0885-4a98-ac97-ab991fd4c993.jpeg,1
19456_18432_76d444e1-b831-4ec6-9e91-be6f2abfec44.jpeg,1
20480_11264_2dfd8784-0885-4529-835f-67cb63e69fb5.jpeg,1
20480_13312_b9740047-842e-462e-8fca-22b9e7153b19.jpeg,1
20480_14336_b47a3f55-16ed-4b7c-967e-6bbc7d0eb8af.jpeg,1
20480_18432_28aee0eb-f205-454a-8f72-a6c1e08e5a60.jpeg,1
2048_16384_1986362c-2e7b-4ba8-809f-1ff03cf81fc5.jpeg,1
2048_18432_95823bff-ae87-465c-b20c-6adec06ed9c2.jpeg,1
2048_19456_22f7c5b5-5599-40f3-b09b-b97219dbfdc1.jpeg,1
2048_20480_d130aea0-59d0-44fa-a681-4b0d9e2e434a.jpeg,1
2048_21504_e93ee391-6837-4ff7-811d-09e832141506.jpeg,1
21504_10240_d9a9b641-9f92-43e2-b2af-3fa3e92a24e0.jpeg,1
21504_15360_991af09d-9ce8-4969-ad89-942b9fb57328.jpeg,1
21504_16384_9e87f4e3-c1a3-452d-b7e5-fae1d74fe492.jpeg,1
21504_17408_5c2ea405-d463-46b8-9d7b-3467b5afcfd9.jpeg,1
21504_18432_58d53e6b-a858-4dbf-bed5-c510f3649c04.jpeg,1
22528_10240_b3a07cfa-e51b-4b99-8510-55367725d80a.jpeg,1
22528_12288_6114b140-d88c-4c25-804c-6a1f2814ac90.jpeg,1
22528_13312_7be98ccc-a131-4db4-aa7e-6044ebc782f7.jpeg,1
23552_11264_cbc99f5e-22f6-4fb1-a0f2-6730e51b307c.jpeg,1
23552_15360_3e2bf803-6386-4e9c-8bac-a5811d47b49b.jpeg,1
23552_16384_8f59c81b-d87a-4c22-823b-82607f627d65.jpeg,1
24576_13312_ae0b6d74-8ebe-4954-8e81-7fd60a022c28.jpeg,1
24576_15360_7f487e9e-e247-4297-ba0a-23090c7f07dc.jpeg,1
24576_16384_c6644359-72ae-4248-8f2d-b6761a85b84f.jpeg,1
25600_11264_c12bb876-27ff-4210-a798-8629936ad931.jpeg,1
25600_12288_f4cc707d-0b3d-4c19-8a3b-1ceb03d87f5e.jpeg,1
25600_13312_49c3ccf9-a4b0-49d7-a1ad-cb7ff0270933.jpeg,1
25600_16384_ee0b64b3-db6b-4e5b-a8bd-bd25e7e2debd.jpeg,1
3072_15360_2424132e-bb76-4a16-b8c0-dd67bac0da5b.jpeg,1
3072_21504_76d46315-aaf4-4230-a957-5b0e1d4fc7c0.jpeg,1
4096_15360_0e193727-6a7a-456e-896f-ad865d9702dd.jpeg,1
4096_23552_b1a4e83b-dc9b-4465-ace9-f4ede963e1e1.jpeg,1
4096_24576_35f7018c-bf0d-4cc0-86b8-86944cb9921b.jpeg,1
5120_15360_2a00f460-da01-4195-bfc3-6f8d358fe3ff.jpeg,1
5120_24576_0c3125b3-2dd8-402b-a758-c94b70c9eca0.jpeg,1
6144_14336_d17df068-8b49-4714-b155-7c53e6cd0340.jpeg,1
6144_18432_932ebec5-3736-421b-bac4-cbba756128bd.jpeg,1
6144_20480_9dcde8a8-8df9-45d9-a576-dec47b217114.jpeg,1
6144_22528_17accade-9e6c-4a51-a756-e8a071449ab6.jpeg,1
7168_14336_26c680fe-f770-4aef-9715-eee897fb1ed3.jpeg,1
7168_18432_f2f52a6d-f90d-448f-9af5-8b3d62f382a1.jpeg,1
7168_19456_199016c5-6c14-45be-91eb-9cabebfce8dc.jpeg,1
7168_22528_d81a7558-3bcf-45ce-b86f-08f916a22ccf.jpeg,1
7168_23552_15fc4684-55ac-44bb-b043-71da99ebc0c7.jpeg,1
7168_24576_ea2d6d37-3f7a-49cb-a1a7-e15602c7a65a.jpeg,1
8192_22528_3c57edde-ddac-467e-ac41-a869c71fe99a.jpeg,1
8192_23552_0b3ec8d8-d7e2-4292-891b-adcf0095e1c6.jpeg,1
9216_13312_d00a091b-5d3f-4b2a-af12-58bdd45edf21.jpeg,1
9216_21504_01bdd214-b45f-4d3d-a17a-d2b0c245f8e9.jpeg,1
9216_22528_ee88ab8f-aa31-4af9-afbe-650232a0ed30.jpeg,1
9216_23552_b8f1148f-c89a-4562-b9c8-84e49613c2e8.jpeg,1
10240_20480_f30440f3-0e7d-4ffd-9e68-d4cf0fd02fbd.jpeg,1
10240_22528_221badd1-02a3-49a9-96a2-aac1e7f637af.jpeg,1
10240_23552_14d3931d-7153-4b7b-a771-b58aa8c4d989.jpeg,1
10240_24576_a4493425-f0ec-424c-a8fe-d60ddabac987.jpeg,1
10240_25600_a2aad166-38b8-49db-a0e3-6a1325d33bfc.jpeg,1
11264_21504_10ff4ecb-6c65-480a-9891-76ed1db46224.jpeg,1
11264_22528_e491977e-9c49-4d88-85b5-808cb93ca444.jpeg,1
11264_23552_17c86161-784a-4a67-b739-82bda6190642.jpeg,1
11264_24576_97be88d0-b4f1-48b4-b39d-d68ada0139f2.jpeg,1
11264_25600_5863ebfe-c758-423d-b646-d42aaa405641.jpeg,1
11264_26624_fdf28388-7b63-461f-b25a-5b197e198f66.jpeg,1
11264_27648_70307636-12c6-498f-afc5-e184a3f3777d.jpeg,1
12288_19456_f49dac1a-fa62-483f-8969-268365b7590e.jpeg,1
12288_20480_29deb8cf-9691-4042-a0c9-1b83b99790af.jpeg,1
12288_21504_34016caf-e12a-4b27-a288-bbb5537adc35.jpeg,1
12288_22528_c9bde1ff-550b-47f2-bde2-2d8424286275.jpeg,1
12288_23552_0992135b-da5e-44a6-99e0-32f466cbeb00.jpeg,1
12288_24576_f93c8f53-ada2-483f-832e-2582aaada5ee.jpeg,1
12288_25600_8dd322f3-01f2-40d2-9d72-f01aabc993f6.jpeg,1
12288_26624_c8109d77-c5ea-4b1d-8fb9-caf91ca80085.jpeg,1
12288_27648_18c4cebe-011d-4a25-a9db-132378785487.jpeg,1
12288_28672_654e5fc6-538e-4771-8bb6-7d7efaec1ea6.jpeg,1
13312_19456_bd516467-739a-4a26-a8e6-bb8c9bea34af.jpeg,1
13312_21504_b85b1af9-f599-400b-8d9b-ce1ae44be7fd.jpeg,1
13312_22528_bdcd3fa7-13f9-4167-b67c-bd4bd56118d2.jpeg,1
13312_23552_a4fa3f41-aa57-4416-ab09-ace25a49f840.jpeg,1
13312_24576_65f995de-3242-490f-949b-23d19ec2a13d.jpeg,1
13312_25600_2a090857-ad41-459f-8cf2-ccae341a952a.jpeg,1
13312_26624_201b268d-7e68-473e-9604-b87f2824a6a8.jpeg,1
13312_27648_9c124344-cf9a-4b66-b485-a1089e6d6107.jpeg,1
13312_28672_f8fe3f6e-ca86-4ea1-9a86-7b8db1a52531.jpeg,1
13312_29696_bbb16e72-7b26-48c6-925b-b0daabfe9034.jpeg,1
14336_19456_51bf425c-a06c-48f6-86a3-a66c30c2f29c.jpeg,1
14336_20480_1cf00a33-c999-4627-b8c2-60e1864f63ac.jpeg,1
14336_21504_2d29597d-e741-4ebc-92ba-50fecf1d8d7d.jpeg,1
14336_22528_d4da7e9b-a92f-46f3-b24c-a0046016f13b.jpeg,1
14336_23552_c90e93f9-f5a0-43bc-ac35-a0730f3826ca.jpeg,1
14336_24576_c4212c7f-498b-477f-8a47-729829d7702e.jpeg,1
14336_26624_cd11c141-8381-4d52-a8d3-56fe144883c5.jpeg,1
14336_27648_c2f0702d-4bf9-4235-b707-f08877ac9910.jpeg,1
14336_28672_99f37587-6863-4af7-831d-66c053f4f20d.jpeg,1
14336_29696_74f1c5e3-073b-4216-b806-287a82b6646a.jpeg,1
15360_19456_f0e584d7-7ec0-49d8-bb94-9c4cd971d132.jpeg,1
15360_22528_b1557fbe-00ee-47b5-b9d9-58a3982227bc.jpeg,1
15360_23552_e01b4050-cc5d-4ab7-8c7e-e8effb09ab25.jpeg,1
15360_24576_d0715197-a2ae-460c-910d-fe53716d40ad.jpeg,1
15360_25600_8bd9214c-e321-4702-ae74-7fffd1db9a96.jpeg,1
15360_26624_041378f6-7ead-40b6-9758-adc75757bac4.jpeg,1
15360_27648_130c9b27-8f68-4147-b53a-23f5ea35ca9a.jpeg,1
15360_28672_b1861438-ae14-47a7-970f-8e64d6900309.jpeg,1
16384_18432_ef4ef06a-70f5-4756-8bd0-eef1654f8488.jpeg,1
16384_19456_95c9c5ed-2911-4d80-8447-4cc7e50d7a3d.jpeg,1
16384_20480_dfbd072d-48b2-45df-9dc2-691cea9de98f.jpeg,1
16384_21504_6652efe0-b842-4d91-a280-b2d18a0d58fa.jpeg,1
16384_23552_00d9ee4d-507a-4030-958f-d5203c7929c6.jpeg,1
16384_25600_305e4eec-7d9d-48b8-98ed-5a848a17b68c.jpeg,1
16384_26624_429f12a8-0ba4-4c5e-89d5-a51ad61cd960.jpeg,1
16384_27648_ce5ccd4c-97cf-4887-98ed-4f7843a12b3b.jpeg,1
17408_18432_d8efa558-dc7c-43f8-949a-cf8bd547a75a.jpeg,1
17408_20480_61913c16-ad93-44c6-b2d1-66c26c7c4310.jpeg,1
17408_21504_81cbb335-35ac-4a5d-bbb2-65cafaa3f8cd.jpeg,1
17408_22528_40094a54-feb7-4821-bdfb-93855a192da3.jpeg,1
17408_24576_a0b2e8f5-4e50-4fc7-90ca-7b18a224c078.jpeg,1
17408_25600_b630470e-6c48-42bd-8d07-d2efed1bf547.jpeg,1
17408_26624_5637b898-7bab-43c3-86bc-68884b0fe6e6.jpeg,1
17408_27648_943810e4-8735-4909-bd8e-e205e5a92969.jpeg,1
18432_18432_3e4f0644-f18e-4bff-aaf5-84e3a6c39a67.jpeg,1
18432_19456_1c187bd7-054f-41a3-a673-2086e6aba4e2.jpeg,1
18432_20480_f87e35c9-2984-4316-96e9-1c3388aa79ed.jpeg,1
18432_22528_27d85466-9665-46e7-a882-348174d2911f.jpeg,1
18432_23552_3adb09ea-a404-4d5b-b6f9-c62aed42120b.jpeg,1
18432_25600_433021ec-8617-4dcf-99f1-c3af088e08a0.jpeg,1
19456_17408_cfd0e825-5e05-47b5-aca1-b3ae3b1b20df.jpeg,1
19456_18432_642b9f38-0b75-4ed1-b7fc-f40f4b26487b.jpeg,1
19456_19456_19ce96b7-b52c-4e6d-b3bd-5a5e29362673.jpeg,1
19456_20480_f05045dc-e111-452f-9919-41fdf4ac771c.jpeg,1
19456_22528_e0dcb88d-b886-4a8f-a536-1e8717a34ccc.jpeg,1
19456_23552_93862824-9d12-49c1-8a45-670a9874a321.jpeg,1
19456_24576_b77ac310-1442-4687-8a56-ba3ba0369ceb.jpeg,1
19456_25600_bdbabae9-606e-436e-a9b6-f815251df4d6.jpeg,1
20480_20480_5bd51505-8a7c-4c1e-80c3-c4125c867cd0.jpeg,1
20480_21504_f6b4963f-f3c7-4773-913d-2ab6bbf47249.jpeg,1
20480_23552_76e30f6c-faa7-48c0-a3de-f0aab8c2c974.jpeg,1
20480_25600_344166a8-7dad-48de-aecb-f7dd258f505c.jpeg,1
21504_20480_70288652-6f45-40ec-9273-c9cd861dbd05.jpeg,1
21504_21504_b68805fb-8751-4d4d-8324-f5f477189131.jpeg,1
21504_23552_fefe199f-9cb2-469d-913b-9081b9e16bcf.jpeg,1
21504_24576_7c98d6e0-319f-43e3-94b0-d57693971510.jpeg,1
21504_25600_cdbec92e-e47e-422b-8a78-86d79369aa31.jpeg,1
22528_16384_7c8a3eca-6a57-4b67-80bf-684b7f9d0bf9.jpeg,1
22528_17408_c43e48c5-4f8a-4549-9985-398faa63fbad.jpeg,1
22528_18432_447d8cb1-21e5-48ee-8961-b758f6e88b3b.jpeg,1
22528_19456_11c2fda0-10a3-44e8-a484-b6aba84028b7.jpeg,1
22528_20480_b9aa4c55-4ef0-42ae-ae42-8186d591b78a.jpeg,1
22528_21504_648313ea-87cc-4bb9-8fa5-d1a6d39a8ac4.jpeg,1
22528_22528_31623b4e-9b49-44be-8ce2-f00e05734bc2.jpeg,1
22528_23552_5f2439d3-807d-4644-9b7a-c5e8410dbc1c.jpeg,1
23552_17408_1d45da29-36ec-4e52-bcc3-098283fd953c.jpeg,1
23552_18432_6e0900f2-6ef9-404f-a4c3-c81887b8e080.jpeg,1
23552_19456_00c1e3b5-ffc7-44b6-af14-b6d98d86a7d3.jpeg,1
23552_20480_eb18392b-0fa5-4532-bdd0-dade4710f21d.jpeg,1
23552_21504_8b11ae6c-3130-42cb-97d2-8a39f5a54fc6.jpeg,1
23552_23552_75fb0591-e4f5-49eb-90e8-a37351bad8c7.jpeg,1
24576_15360_6ae3e116-5454-48ca-90d5-7e7be9862f02.jpeg,1
24576_16384_a86a234f-d99d-4691-87a8-a79d5e3ba1a3.jpeg,1
24576_17408_0e7b996c-be6d-4375-b394-a3d5ee7a6b29.jpeg,1
24576_18432_736ee7a3-6bd5-4f38-a48f-4aef107a31a0.jpeg,1
24576_19456_ea12c897-4277-4606-a7b5-be9a224f5f49.jpeg,1
24576_20480_c432f22d-5797-4b90-8c47-963d3ec976ae.jpeg,1
24576_21504_e01682a5-3778-4b9b-b596-36f83dd47a95.jpeg,1
24576_23552_a6f41309-1eeb-4784-a6ec-2a91e7ed9874.jpeg,1
25600_14336_ef9278a9-b142-442b-a12a-9f7c550404e7.jpeg,1
25600_15360_ba45a21c-3644-495c-8ea9-bfbe581668f5.jpeg,1
25600_16384_ce71c1d9-df11-4d51-aa5c-68b64b500ec1.jpeg,1
25600_17408_3f0e7776-3d7c-444e-b5a4-6bcb6e538a68.jpeg,1
25600_18432_d6435547-d155-45af-bce9-1ee2d5c9908a.jpeg,1
25600_19456_7c0e9d9b-3568-46da-bbab-b46d5405bdd0.jpeg,1
25600_24576_cb4fdb96-4663-46d8-ba04-66138be57a23.jpeg,1
26624_14336_7f1faaca-0fb6-41b8-a11d-e77f9ca83796.jpeg,1
26624_17408_8b3e2eff-9eae-49e1-b68e-9a53551756f9.jpeg,1
26624_18432_d3049a2e-cebf-4b75-91d3-5a04aa3e641c.jpeg,1
26624_23552_c52e3052-bbc2-4090-8cbe-cc4e7e8e6723.jpeg,1
26624_24576_6edfdc5a-9aaa-4e43-a159-e4060871bc75.jpeg,1
27648_14336_c36d8172-8379-442d-a4e2-16665f6271a6.jpeg,1
27648_15360_2da7fd4f-7b3a-4c81-ad24-d1e79e5c4626.jpeg,1
27648_17408_97e72227-7151-4519-9997-f52d709a024f.jpeg,1
27648_18432_4d7df621-d34a-45cc-805f-bf7c4ba0dec6.jpeg,1
28672_14336_f65c5ce2-b8f4-419b-bd4c-9c1fe8d282e2.jpeg,1
28672_15360_f77941af-e954-40ac-ae4a-01ece32c596d.jpeg,1
28672_17408_c130e1cb-a023-4578-9162-7b1cad878979.jpeg,1
28672_22528_380da9f5-a7d2-47b0-adc5-31aeff73093a.jpeg,1
29696_14336_a59ca92a-f86a-429c-921e-a3ac6b3ebaab.jpeg,1
29696_16384_7ab384c8-2316-46e2-b87e-3c5cf8eae987.jpeg,1
29696_19456_7e88ac21-fd60-4ffd-8630-a197796b48f8.jpeg,1
30720_14336_64fb9dcd-3553-47f9-8888-de77e98d867c.jpeg,1
30720_16384_5e12b932-b482-4593-bfa2-c99fda2d917a.jpeg,1
30720_19456_c15ad662-92d4-4122-aa1c-ef4a335f18a3.jpeg,1
30720_20480_117d5ee3-170a-4d40-a534-226678ac53e2.jpeg,1
9216_22528_cefb8a08-b081-49ad-aa17-d8d2bc9606fd.jpeg,1
10240_13312_1956e4e0-75d1-439f-9245-0ca7dd2843d0.jpeg,1
10240_16384_bda176c3-b2e0-45c2-a0f7-a80a7f16c34f.jpeg,1
10240_23552_7877aee0-657b-408c-8345-3a4c4a757d5d.jpeg,1
1024_18432_e46186e7-0432-4a95-b59c-006858ffe90c.jpeg,1
1024_19456_e6588f7d-2bb3-4897-8cbc-6bbcf324d1f8.jpeg,1
1024_20480_9ae6021f-98d7-43b8-a52a-401aa9f1f2a5.jpeg,1
11264_14336_8db1b23f-4175-43a3-bc84-081b62c54a3f.jpeg,1
11264_15360_5b95e54c-e995-4a6b-aa88-e7b59ef9a35d.jpeg,1
11264_22528_96774e93-3153-4e10-9af6-8e1b09aafbc8.jpeg,1
12288_14336_7bafa9ad-0cb7-4971-8951-24ace13e8a19.jpeg,1
12288_15360_8d9c7b3d-7416-402a-abdf-6010c67779b0.jpeg,1
12288_16384_fde13bb9-b277-43e7-ac65-38f3fdb911ec.jpeg,1
12288_17408_a0e9b2dd-bca2-4139-aa4f-6b18999232df.jpeg,1
13312_13312_eea057dd-4bdf-4cc9-8ae8-f686971cc8e3.jpeg,1
13312_14336_67220f68-7215-4cf4-ad1d-477b1beb47cc.jpeg,1
13312_15360_640b1cd4-43a8-44b0-bd6c-b1c6589844e2.jpeg,1
13312_16384_3bd93fe6-7451-4c4e-816a-435688058728.jpeg,1
13312_17408_d386b14e-4bb4-4e06-8957-f753fbe78fc6.jpeg,1
13312_20480_b1afa1ff-f8b7-4a46-a397-f75f82049807.jpeg,1
14336_12288_343dc5d8-76d0-473a-99d6-86165de729e4.jpeg,1
14336_13312_553b0abf-02be-4545-8494-b40c88448c5c.jpeg,1
15360_18432_70c53b60-09e4-410e-9872-c75ad50bd5e7.jpeg,1
15360_19456_c4e7ff29-a18a-4e6e-97c1-ab2c1345e1dc.jpeg,1
15360_21504_9e622e86-44c6-4a61-9a73-a31c75349a2f.jpeg,1
16384_12288_2f844e4a-e8bf-4a59-9cd9-25d6f891e39c.jpeg,1
16384_14336_64751d0f-7177-4d1a-be80-5f0a58e14947.jpeg,1
16384_18432_436ca0c1-61bd-4231-9e9f-349df30dc4a1.jpeg,1
16384_19456_3a808abf-b273-4334-955a-c706ba77e99b.jpeg,1
16384_22528_25cbc647-86d3-42b0-b108-fb23a6e87b77.jpeg,1
17408_12288_0f50c853-f32c-4fca-aede-b491376aecd2.jpeg,1
17408_22528_8cb9e982-26ce-4537-a87c-2b313e7510da.jpeg,1
18432_11264_69e57fde-2c80-4fc7-beec-4b5aadbc56d1.jpeg,1
18432_18432_d234a80e-f2b3-4f07-92c3-963d568e5a9d.jpeg,1
19456_10240_53818cbf-2a8a-44f5-899e-2f0d17268743.jpeg,1
20480_10240_d8feb327-33fa-4d52-982c-05abd7af96c0.jpeg,1
20480_14336_897a6703-ad1c-4bda-b76b-527a36b80e18.jpeg,1
20480_20480_e4965921-4f8b-40fb-b9c8-ab8bfaf3ef32.jpeg,1
2048_17408_8930c22a-a96b-43c0-a2e3-802bb6b2d914.jpeg,1
2048_20480_625c2e5c-7f74-44bd-9808-ab408f87a09c.jpeg,1
2048_24576_8040c9f4-748d-43b9-9100-e53af5a30e03.jpeg,1
21504_18432_9543e3dc-962c-4ffa-bd0c-bf02a5c61e88.jpeg,1
21504_19456_1a2180d9-a670-466a-85cb-39ad86f98447.jpeg,1
22528_11264_f285d47a-8583-4ec0-8e46-bb405788bb5f.jpeg,1
22528_19456_725d32ee-7113-45b4-9e4a-81f92d61c66d.jpeg,1
23552_10240_5f902613-310f-425d-af57-46c2e97c7be8.jpeg,1
23552_11264_65577f1b-e11c-41b9-9f52-0c564f377048.jpeg,1
23552_12288_545b2d75-d9f4-4581-834c-cd84fe2b0f91.jpeg,1
23552_16384_415a8b7b-a5c5-4bbb-8a99-79683f198b32.jpeg,1
23552_18432_72eb611b-4b5d-4601-9e30-4bcb08a02b2b.jpeg,1
24576_10240_b19e7a80-1784-4052-ba48-bff594d2fa1a.jpeg,1
24576_11264_8b3ff3b6-ca43-4d62-9e26-a15766f87822.jpeg,1
24576_18432_3b649302-e800-4d00-81b1-2de5253ac862.jpeg,1
25600_10240_9ba5dc62-c522-418a-8369-dabb9efd7c50.jpeg,1
25600_13312_3bc6ba0b-6420-4cc5-8498-36a4ad55936d.jpeg,1
26624_10240_bfe5b405-de74-4323-a26d-ed83b58d4d3b.jpeg,1
26624_12288_6e463599-f655-4371-a72f-ef6295067734.jpeg,1
26624_17408_89dca65b-2868-420f-a34c-f51394d446b9.jpeg,1
27648_10240_d2495947-99c7-4f7e-a540-9e4789b22e41.jpeg,1
27648_11264_bd2cbf30-0b7f-4319-8520-826a5b447de8.jpeg,1
27648_12288_a242c5d2-6019-4ac3-9249-3e018f726ceb.jpeg,1
27648_13312_64d0ccef-6390-4b47-baf8-638a50a22774.jpeg,1
27648_14336_a6513429-53ff-45c5-a87e-1a7e67a1de5a.jpeg,1
27648_15360_91f26882-5f3b-40ce-abc5-e4ab8bc8886b.jpeg,1
27648_17408_2252c360-c83e-417d-9ef6-ba8c7b4a1f0e.jpeg,1
27648_18432_49ee023a-41b6-4e09-a55f-eb37988976d4.jpeg,1
3072_16384_dd6a3d2f-0cce-47f7-bf8c-9463da06454a.jpeg,1
3072_20480_16a4133f-4f7c-4948-b237-0069ae4e39a9.jpeg,1
3072_24576_b6399ab0-01d2-4f5e-83e6-f190ea0730b5.jpeg,1
3072_25600_df83b00b-ef59-4b9f-8c60-ca901023431e.jpeg,1
4096_16384_33b9c377-b2f8-43fb-a309-4b1148b9aab7.jpeg,1
4096_17408_46baafb2-b016-4c09-978f-9768a53ff6b7.jpeg,1
4096_18432_04bc5da2-d8ed-4d90-9750-514bfe27be56.jpeg,1
4096_20480_f716de1e-8737-4dfc-af2c-6c3cd8845c6f.jpeg,1
9216_26624_4727ae5f-0e05-47f8-8bc4-0ec076a8be23.jpeg,1
9216_27648_7a8d33bd-da8a-478a-9920-f87433cbdd01.jpeg,1
9216_28672_3915ede2-9419-433b-81fb-de5618163957.jpeg,1
9216_29696_fa36273d-86a4-4bfc-89cd-90995a7f7e27.jpeg,1
9216_31744_da5ccdfb-8d2f-4bd3-9e8b-46bd224eeb13.jpeg,1
9216_47104_9c6b36f5-dd0f-41ae-b036-7a359dae8848.jpeg,1
9216_55296_5b7be338-c94d-46bc-9824-21d51acd3f8c.jpeg,1
